route_id,direction_id,speed_mph,district_name
3,0,0.983597734660613,1
5,0,1.0002548052749816,1
6,0,1.0486022441013336,1
8,1,0.9227621482235999,1
13,0,0.9169980420847353,1
15,0,0.9990120529095076,1
115,0,1.0963661799425655,1
116,0,0.946994020764644,1
117,0,0.9615834984867688,1
118,0,1.1503569554099704,1
120,0,0.9185960089339026,1
120,1,1.0758300282851376,1
226,0,0.8191347447027549,1
227,0,0.9783602902342211,1
227,1,1.0159377394290035,1
228,0,1.2884431329058303,1
228,1,0.9506967347694598,1
229,0,1.046502506239944,1
229,1,1.0763700409531924,1
230,0,1.1611107024188752,1
230,1,0.9853605457162463,1
231,0,0.8611628830731026,1
232,0,1.106584479937569,1
232,1,1.0620106518311074,1
257,0,1.1001417100954196,1
822,0,1.0403367005301523,1
2017,0,0.9213734397044157,1
2017,1,0.960597933594354,1
2031,1,0.9090457255403861,1
2041,0,1.0642737228667631,1
2041,1,1.1244271628447444,1
2042,0,1.0543361046195188,1
2042,1,0.9388645833208353,1
2044,0,1.046365101155044,1
2045,0,0.9365063866329851,1
19311,0,1.1312475180938428,1
76463,0,0.9114777362135752,1
76743,0,1.0059254752476585,1
76743,1,0.9865614893998995,1
151,0,1.0943135296300712,2
153,0,1.177426437958526,2
153,1,0.9817395908880254,2
154,0,0.9353282169028982,2
154,1,1.0800779016581443,2
155,0,1.033550315222114,2
155,1,1.1471667347073653,2
157,0,0.8730651609451922,2
157,1,0.9553121573710858,2
159,1,1.2111211757763731,2
160,0,1.0494199292360105,2
161,0,1.1793965751377329,2
1885,0,0.9672131148999056,2
1885,1,1.0431253168542136,2
1886,0,1.2433858237317794,2
1886,1,1.032736256555734,2
1887,1,1.0205884228427027,2
1888,0,0.8496855346533044,2
1888,1,1.0317460317317626,2
1889,0,1.0349302402109135,2
1889,1,1.0608628661371067,2
6446,0,0.6443465707374258,2
6446,1,1.1979853995795708,2
1,0,0.971443284285161,3
1,1,0.949718464082588,3
10,0,0.8881685571374058,3
10,1,1.1361800260501294,3
11,0,0.8985068498884838,3
11,1,1.0138258585720887,3
13,0,1.0048832175313394,3
13,1,0.9774472359403393,3
15,0,0.9211650034671636,3
15,1,0.9848184144743279,3
19,0,1.0216616062866914,3
19,1,0.9869697108995904,3
21,0,0.9258013328210583,3
21,1,0.9766942588202723,3
23,0,0.9170270791916112,3
23,1,0.8268779702055521,3
25,0,1.024405040824162,3
25,1,0.9189533800665738,3
26,0,0.892708666937458,3
26,1,1.0104772019145656,3
30,0,0.8935506953147089,3
30,1,1.0773483724625403,3
38,0,0.978549275808437,3
38,1,1.0482064525547345,3
51,0,1.0031499509528055,3
51,1,0.9164325720487053,3
56,0,1.0247054794608508,3
56,1,1.054714808161045,3
61,0,0.9415161039196772,3
61,1,0.9528619978970331,3
62,0,1.022282631222536,3
62,1,0.9173065512799414,3
67,0,0.9678362882887286,3
67,1,0.9770230465568553,3
68,0,0.9663957851403521,3
68,1,0.9755062224339496,3
72,0,1.0597516223571743,3
72,1,0.9085393313786455,3
75,1,1.0499226007206794,3
78,0,0.689757100599089,3
81,0,0.9211295393751205,3
81,1,0.9104780472906575,3
82,0,0.9369081113913451,3
82,1,0.9775486761909703,3
84,0,0.9558603095064915,3
84,1,0.9878282086957448,3
86,0,1.0193833215534673,3
86,1,1.0348182698926573,3
87,0,0.8665135807096025,3
87,1,0.9650351509884197,3
88,0,0.9934168225691945,3
88,1,0.9245920089633839,3
93,0,0.8714713759185082,3
93,1,0.7830297682378786,3
102,0,1.0048914760932883,3
102,1,1.1918744791829683,3
106,1,1.1556022787040117,3
113,0,0.6626758454084396,3
113,1,0.8813559327375029,3
124,0,0.778501195526716,3
137,0,1.1667857993769368,3
138,0,0.9319964004956193,3
138,1,0.9201418044237394,3
142,0,0.9270886857551643,3
142,1,0.9234195485734726,3
3421,0,1.0180114872784862,3
3421,1,1.059052689476777,3
3422,0,1.0805147039098073,3
3422,1,0.8805903276933918,3
3423,0,1.0349263756941998,3
3423,1,0.8923033149609008,3
3424,0,0.919586960455805,3
3424,1,0.9980127692008443,3
3425,0,0.9633652076300286,3
3426,0,1.0538400634955138,3
3426,1,1.0110876740048322,3
3427,0,0.960680710986427,3
3427,1,1.0303393813338753,3
3435,1,0.8988809589897785,3
3439,0,1.149858956455228,3
3439,1,1.3587687535014181,3
5376,0,1.023818597233177,3
5376,1,1.1848273722909866,3
5391,0,0.9845728426444684,3
5391,1,0.9003983923534061,3
5672,0,0.909829232146702,3
14211,1,1.112981616379949,3
14213,0,1.0564034579191035,3
14213,1,0.945093871387446,3
14214,0,2.758387776552191,3
14215,0,1.0770956881614904,3
14216,0,1.017513428010594,3
14216,1,0.9594010501292742,3
16672,1,0.8235161934652447,3
07959480-2a40-4a51-92ac-8ca2029d5f4f,0,0.9419631500310057,3
09279e71-ee36-41f5-b813-a81dd8609bae,0,0.9487815198047547,3
1c525842-dcea-48c0-a2f8-31160ce541e5,0,1.0866367120250553,3
1cdbb73a-9eeb-4a06-b78b-e27d63f0e940,0,1.027839533713593,3
1cdbb73a-9eeb-4a06-b78b-e27d63f0e940,1,0.9452394975311084,3
22f56050-8c4c-46d6-9df4-0991acf5853c,0,1.0666579611722136,3
26967a7b-d130-4764-8588-67486481993e,0,0.8378862016349315,3
2b5c285d-29b2-4d19-8f12-f85348cd832e,0,1.0398886383617076,3
392cd8aa-a3d1-488f-8040-3f507155a95c,0,1.0659543782512277,3
3c333215-42f6-48c3-b42d-0e7fa5491466,0,1.083634882917892,3
3c333215-42f6-48c3-b42d-0e7fa5491466,1,1.1147000654964958,3
3fb9611e-a50d-4d04-8aa4-c70470e11827,0,1.0274629754891427,3
3fb9611e-a50d-4d04-8aa4-c70470e11827,1,1.0176445769016629,3
53aa313b-c010-4054-a248-83896fe7200a,0,0.9517717255072585,3
53aa313b-c010-4054-a248-83896fe7200a,1,0.9865573700623004,3
5a6ab404-ddd5-445a-a98d-6cfa0dca2421,0,1.1098903755527079,3
5c91d5af-5c6b-43c6-b8e2-233c2e8fe71c,0,1.198330354710411,3
5c91d5af-5c6b-43c6-b8e2-233c2e8fe71c,1,1.0110013236255013,3
5d6cbf73-cd94-4b81-97b9-37fd65a3191d,0,1.0190299533824865,3
6984e7ed-b25e-4d08-8a03-28f4295864d0,0,1.0646679251289406,3
6984e7ed-b25e-4d08-8a03-28f4295864d0,1,1.0351360697366738,3
6d7b5989-f292-41c7-b7ab-35a17b12563d,0,0.8327566319324764,3
6d7b5989-f292-41c7-b7ab-35a17b12563d,1,0.9307114945941732,3
6ffe5400-193c-45b8-856a-e2316995d101,0,0.9752571391705339,3
8815245a-3438-48ae-a19c-7f9154c12720,0,0.9554502367451213,3
8e1587ca-dace-4d77-8621-4a944f70b5f9,0,1.0802879296333785,3
8e1587ca-dace-4d77-8621-4a944f70b5f9,1,0.9654628947280983,3
9831f8e4-7142-4d62-8a86-2cf3ee52eae3,0,0.8567262518352898,3
9cf77254-5a34-4478-9d00-eb863cdf1dd1,0,0.8756456098685341,3
9cf77254-5a34-4478-9d00-eb863cdf1dd1,1,0.9364211737277381,3
9e387bbe-12fb-41da-9944-2c6ff2487901,0,1.069499648872806,3
A,0,0.9394547325344726,3
A,1,0.9560743063629038,3
B,1,0.8826868496297733,3
C,1,0.8853926186136616,3
D,1,0.8895963945227393,3
E,1,0.9837544839143164,3
F,1,0.9627901223741161,3
G,0,0.9829092296887656,3
G,1,0.819627777700904,3
J,0,0.9470705373359691,3
J,1,0.8934649614791681,3
K,1,0.9863246467733366,3
L,0,0.9191372305454266,3
L,1,0.9531352591595365,3
M,1,1.064157787951017,3
P,0,0.9157279997269242,3
Q,0,0.8890746671230311,3
VL,1,0.8716814155405542,3
W,0,0.8996581344971593,3
W,1,0.8655733796696493,3
Z,0,0.9486545437988072,3
Z,1,0.915763601413972,3
a76f7f34-9287-4ce9-bda1-7fdc66130e09,0,0.945871344550884,3
c51c649f-0092-4961-919f-01e1afd0625f,0,1.0171800974459,3
cf7c72a3-3fa8-4ee1-9dd2-83f9a72144ba,0,1.0796222206124444,3
d3fca436-9848-45a0-9041-dc2e870c4b52,0,1.2114971350510715,3
d3fca436-9848-45a0-9041-dc2e870c4b52,1,0.8231369766446944,3
de8a5235-df44-4241-823d-b110e0f26fdc,0,1.0136038950440338,3
e2912325-76f2-4a66-a877-f16b7068bf73,0,0.9353798690723383,3
e2912325-76f2-4a66-a877-f16b7068bf73,1,0.9294223037853726,3
e8a19258-d84e-4a13-823b-78521baf95cd,0,0.95676857056568,3
e8a19258-d84e-4a13-823b-78521baf95cd,1,1.002530812511964,3
eb077710-0df4-4c7a-828e-914c6769117d,0,0.9180756846747526,3
fc37bce7-88ed-414d-8b07-41b1e39c8474,0,0.9180781577230972,3
1,0,0.7314905307189908,4
1,0,0.9559153603668546,4
1,0,1.0380071522494134,4
1,0,1.0411432587231653,4
1,0,1.3087792884618195,4
1,0,1.040406142341133,4
1,0,0.9621987111879201,4
1,1,1.0241754607883116,4
1,1,0.7852468562461417,4
1,1,1.0242829524527783,4
1,1,0.9372427100017996,4
1,1,0.9417937736031504,4
1,1,0.9395416146384901,4
2,0,1.0286687266473842,4
2,0,0.9143488247443899,4
2,0,0.9211910796578077,4
2,0,0.5361261390125525,4
2,0,1.0272261184817557,4
2,1,0.9808403283941234,4
2,1,1.0282336724378176,4
2,1,0.9160544359735157,4
2,1,0.9450457854948834,4
3,0,1.049671556891838,4
3,0,0.9126569548980372,4
3,0,1.0282981466586258,4
3,0,0.9729326512548577,4
3,0,0.9502936746772745,4
3,1,0.9693057683788947,4
3,1,1.0763363222630296,4
3,1,1.1027458451728032,4
4,0,1.0619407410423234,4
4,0,1.022041352958683,4
4,0,1.0889023025781654,4
4,0,1.1091370936731975,4
4,1,1.5602200820640757,4
4,1,1.064287575155095,4
4,1,1.1109733392868952,4
5,0,0.5922354505648373,4
5,0,0.9843537451458068,4
5,0,0.9062199325277336,4
5,0,1.045213376912683,4
5,0,0.8435983578676619,4
5,1,0.8535167172031546,4
5,1,1.0269150793958783,4
5,1,1.0145713953266127,4
5,1,0.8032650760445037,4
6,0,0.9313043937400256,4
6,0,0.9986953131292503,4
6,0,1.1219561988185123,4
6,0,0.8924213474167494,4
6,0,0.9179033433228065,4
6,0,0.9185782157534674,4
6,1,1.0141835918372026,4
6,1,0.974380489091734,4
6,1,0.9508955086698642,4
6,1,1.0238734784834902,4
6,1,0.9263333121025249,4
6,1,0.8252606281292987,4
7,0,0.9714277817697301,4
7,0,0.9335607373236174,4
7,0,0.9567175019573791,4
7,0,0.9286684147831303,4
7,1,0.9967735814282487,4
7,1,0.9162407798740598,4
7,1,1.0005853104667586,4
8,0,1.0066904696583177,4
8,0,1.0251530555934647,4
8,0,0.9938658334267971,4
8,0,0.9790413255194693,4
8,1,1.282035815988004,4
8,1,0.8741875039549492,4
9,0,1.0970822242154425,4
9,0,0.8203095503158524,4
9,0,0.9514981075162536,4
9,1,0.888368683139957,4
9,1,0.9394717071888142,4
11,0,1.0631736527029096,4
11,0,1.0747730465532592,4
11,0,1.082368420782287,4
11,0,0.9218706535751244,4
11,0,0.8159909332921801,4
11,1,1.3610900816589275,4
11,1,0.9343080343952519,4
11,1,0.9497753856046905,4
11,1,0.9058132782754077,4
12,1,0.9866045804088724,4
12,1,0.9242181629555268,4
12,1,0.9120472438520049,4
14,0,0.9632444405275361,4
14,0,0.853572102816028,4
14,0,1.0555727323062194,4
14,0,0.942621481687002,4
14,0,0.9255314270585753,4
14,0,0.9431695095417776,4
14,1,1.033743075737706,4
14,1,1.0650001796423207,4
14,1,0.8854051452699723,4
14,1,0.9271372690315132,4
15,0,1.0346198400952533,4
15,0,0.5875807266057066,4
15,1,1.1018910854697093,4
15,1,0.9007371754106148,4
15,1,0.9496099614441228,4
16,0,1.101658216225264,4
16,0,0.8837383672752379,4
16,1,0.9646894260745439,4
16,1,1.0460560267558576,4
17,1,0.8486446941075613,4
17,1,0.9984041726806214,4
18,0,1.0389114542439244,4
18,0,1.2079338843002372,4
18,0,0.9595597324824039,4
18,0,0.936554145967155,4
20,0,0.8651553313155188,4
20,0,0.9881623981156805,4
20,0,0.9473158476533307,4
20,0,0.9012303701889529,4
20,1,0.9012687760804025,4
20,1,0.9541041000374707,4
20,1,1.0044051539254513,4
20,1,0.9110491474117188,4
21,0,1.0525999849148677,4
21,0,0.9506633948323042,4
21,0,0.9908102462797305,4
21,0,0.9696848189158709,4
21,0,0.8666989709339192,4
21,1,1.0641822203915308,4
21,1,0.9564954076037926,4
21,1,0.9614629876740944,4
21,1,0.9282381503208513,4
21,1,0.8992887104146887,4
22,0,0.9006046025902418,4
22,0,0.9432078331071675,4
22,0,0.9042284834362766,4
22,1,0.9022002834325379,4
22,1,0.9046803276443566,4
22,1,0.922519891070994,4
23,0,0.8843458166479391,4
23,0,0.9674129164831016,4
23,0,0.8341410634280025,4
23,1,0.9338124170522931,4
23,1,0.9763096405714538,4
23,1,0.9516061701960824,4
24,0,1.2773823877076942,4
24,0,1.4983369679809848,4
24,0,0.9110721402163091,4
27,0,1.0266466865330588,4
27,0,0.8735476048595254,4
27,1,1.0105361415853884,4
27,1,0.910617014398507,4
30,0,1.9512320084157864,4
30,0,0.9502602068644539,4
31,0,0.9098297954065988,4
31,0,0.8889775957575575,4
31,1,0.9239312811215091,4
31,1,0.9394878386921565,4
32,0,1.0216980383515464,4
32,1,0.6207585753971616,4
33,0,0.8332149551208136,4
33,0,0.9376172846904606,4
33,0,0.8678840205981097,4
33,1,0.8859824828689412,4
33,1,0.9571968949075287,4
36,0,0.9212855393486845,4
36,0,1.0081063436379256,4
36,0,0.9992710185530418,4
36,1,0.9764989518877201,4
36,1,1.0616603114725154,4
36,1,0.942987243658448,4
39,0,0.8888678799873672,4
39,0,0.8403736822823713,4
39,0,0.9086760308921161,4
39,1,0.8959312985472827,4
39,1,0.9939637425123673,4
39,1,1.0170795734672216,4
42,0,0.9260961222704515,4
42,0,0.9292095743824876,4
43,0,0.8943115938598455,4
43,1,0.9439324997452457,4
44,0,1.0376400004294257,4
44,0,1.0117985623533279,4
44,0,0.8931539699481469,4
44,1,0.9787485950686831,4
44,1,0.9466230496760358,4
44,1,0.8754626037516273,4
45,0,0.9858553764896525,4
45,0,0.943965259881027,4
45,1,0.9475352414107397,4
45,1,0.8927197821800299,4
47,0,0.9372213640098077,4
47,1,1.0728063100114218,4
48,0,1.1590475381538783,4
48,0,0.893856661585399,4
48,1,1.2586196850376503,4
48,1,0.962267788163364,4
52,0,0.9013767857657476,4
52,0,0.8616185709630417,4
52,0,0.986370751247363,4
52,1,0.8606630978429123,4
52,1,0.916112588211437,4
52,1,0.9245304280287167,4
53,1,0.9516914313608328,4
54,1,1.185486985800828,4
54,1,0.9181657087889467,4
54,1,0.9457775234204822,4
55,0,0.8893976629166589,4
55,0,1.0090661340800435,4
55,1,0.8933145371321449,4
55,1,0.9635084460801701,4
60,0,0.9003977386401807,4
60,0,1.5526411666729394,4
60,0,1.0384274260303086,4
60,0,1.029100182721386,4
61,1,0.9419868787415714,4
61,1,1.5626911321526604,4
61,1,1.0503011556669914,4
65,0,1.0570329979447253,4
65,1,1.0067659968518818,4
66,0,0.9909824650534207,4
66,0,0.9269147229373674,4
66,0,0.9515862104657715,4
66,1,0.9606555334919114,4
66,1,1.0787274674154939,4
70,0,0.9026757345270426,4
70,0,0.9876406642995633,4
70,1,0.9257174768368623,4
70,1,1.0571002807519716,4
71,0,0.8984415523719347,4
71,0,0.9330038855299215,4
71,0,0.9658963565390425,4
71,1,0.8913688918148152,4
71,1,0.8891852350917546,4
71,1,0.983763340554195,4
72,1,0.936480973265689,4
72,1,0.9364776550419481,4
74,0,1.0011471575512298,4
74,1,0.8971022779744645,4
76,0,0.9847546740430003,4
76,1,0.9144091009557607,4
77,0,0.9627413874940005,4
77,1,0.8823609715648805,4
81,0,0.9103411932339367,4
83,0,0.9306643258000803,4
84,0,1.058799243273767,4
84,1,1.0850114041120014,4
85,0,1.1269408919657793,4
87,0,1.2730254953288318,4
88,1,0.9505688539199768,4
89,0,0.9033155159043649,4
89,1,0.9654630450856664,4
93,0,0.9779816320059956,4
93,1,0.881950831327109,4
95,0,1.0726842093456097,4
95,1,0.9233019653767122,4
96,0,0.9266860018982275,4
96,1,0.9101552896893175,4
97,0,0.8988303260030461,4
97,1,0.8848222732383313,4
98,0,0.9111096177454865,4
98,1,0.9056964685279354,4
99,0,0.933983377472507,4
99,1,0.961516452570317,4
101,0,0.9621117092050718,4
101,1,1.0345975902003526,4
110,0,0.9393696741735907,4
110,1,0.8757641365514921,4
112,0,1.0134553153184604,4
112,1,1.0107299817751418,4
114,0,0.9300399667788254,4
114,1,0.7539406006337142,4
117,0,0.9749820105239231,4
117,1,1.0466850727486474,4
120,0,0.9594550723746779,4
120,1,0.8242032396425006,4
121,0,0.9263416247906795,4
121,1,1.0474561652309167,4
122,0,0.8866800969096292,4
122,1,0.9480434938547391,4
130,0,0.906184156667216,4
130,0,0.9285947445489634,4
130,1,0.8722725837736942,4
130,1,0.8593578339042242,4
132,1,0.7801759526916523,4
141,0,0.820656679710678,4
141,1,0.8953033280499586,4
142,0,0.9908993867153196,4
142,1,1.0261978354848755,4
150,0,0.9893994994138713,4
150,1,0.9470764790472364,4
154,1,0.7799161895076016,4
164,1,0.8218403671560732,4
172,0,0.9184766048705664,4
172,1,1.0729344002725658,4
200,0,0.9821596316603693,4
210,0,0.9755871886453467,4
210,1,0.897473125508635,4
212,0,0.9947371449901263,4
212,1,0.9599442181241477,4
215,0,0.9034716976172661,4
215,1,0.8768399184128676,4
216,0,1.0076612671355083,4
216,1,0.9984163919584161,4
217,0,0.9421499025666366,4
217,1,0.9981165678012173,4
219,0,1.2982274131376572,4
219,1,0.9091293353419697,4
228,0,0.974781819944474,4
228,1,1.056898711759998,4
232,0,1.0673836238514978,4
232,1,0.9671617045840883,4
233,0,1.0144432828678067,4
233,1,0.9056771891264817,4
239,0,0.9368214596123027,4
239,1,1.0198987069540415,4
245,0,1.181867433231387,4
245,1,0.9707098548987898,4
250,0,0.9303155403003394,4
250,1,0.9963801354911733,4
251,0,0.9379694575459675,4
251,0,0.810863729542089,4
251,1,1.116573902031948,4
260,0,0.7029257484643197,4
260,1,0.9439024044760964,4
270,1,1.0376188809144526,4
276,0,0.8126338663014004,4
276,1,1.0162664597655016,4
278,0,1.021909033424564,4
278,1,0.8757409318110424,4
280,0,0.9365763549192501,4
280,1,0.7496179870948787,4
281,0,0.7623125098207291,4
281,1,0.9711480393441162,4
292,0,0.9477627770290978,4
292,1,0.9647688724777504,4
294,0,0.8494267031071062,4
294,1,1.0203187821645383,4
295,0,1.0123400628947077,4
295,1,0.9256249960348842,4
296,0,0.9056334771679847,4
296,1,0.9459363208666074,4
380,0,0.9332169823660507,4
380,1,1.0289408483746005,4
381,0,1.0007184631128971,4
381,1,1.1548296615827416,4
383,0,0.8640726912358242,4
383,1,0.9377554245509947,4
384,0,1.6179196011370114,4
384,1,1.08387357030619,4
385,0,1.2759975384638516,4
385,1,0.9801193246959207,4
387,0,1.094592858062406,4
387,1,1.0708869047177458,4
388,0,0.9513643030530848,4
388,1,1.0393995628727795,4
390,1,0.8305239515788863,4
391,0,0.8802569160220068,4
391,1,0.9073624200271108,4
503,1,1.0308749530891224,4
580,0,0.8455110853442639,4
580,1,0.8241867540761891,4
613,0,0.5604869764087236,4
616,1,1.2233676973697323,4
619,0,0.9007542970143968,4
621,1,0.7049124352326698,4
623,0,1.2156355341545018,4
624,1,1.3213613107834876,4
626,0,1.0435866737690842,4
626,1,0.7426780439834743,4
657,1,1.1012610797338291,4
660,0,1.1343130648573732,4
669,0,1.0947675713499572,4
673,0,0.7129919251556661,4
676,0,1.099315611868002,4
10R,0,1.013958395874967,4
10R,1,0.8709338895869206,4
14R,0,0.9845877873284685,4
14R,1,0.9687756693833107,4
1T,0,0.9813786704161783,4
1T,1,0.9210105338835693,4
200X,1,0.9409677738215678,4
201X,0,0.9224818108861017,4
201X,1,0.7928253949179332,4
28R,0,0.9089145512136811,4
28R,1,0.9739064281437813,4
2B,0,1.0302785796593363,4
300X,0,0.9784509441409448,4
300X,1,0.9215670146841588,4
30R,0,1.0234247524280988,4
30R,1,1.0066038400236201,4
30X,1,1.6199997160183783,4
30Z,0,0.9622826771821856,4
30Z,1,0.37821006059620693,4
38R,0,0.9759045258102933,4
38R,1,0.9639118208708717,4
46L,0,0.9916323460037776,4
46L,1,0.9599491335888274,4
4B,0,1.0964365628624506,4
51A,0,0.886034424575,4
51A,1,0.8796048347598457,4
51B,0,0.9436186030005906,4
51B,1,0.8629661896381554,4
580X,1,0.9223484845833715,4
580X,1,0.8750124925166993,4
5R,0,1.0046558522908868,4
5R,1,1.0221282133490661,4
64A,0,0.975870255590419,4
64A,1,0.9149574046238342,4
64B,0,0.9364695164269015,4
64B,1,0.9636038576111053,4
72M,0,0.8940421232343926,4
72M,1,0.9204575904729394,4
72R,0,1.009452501318406,4
72R,1,1.025602961735584,4
7A,1,1.304038337722937,4
7B,0,0.7787577786391546,4
8AX,1,0.834440187700013,4
8BX,1,0.8899801356613153,4
91X,1,0.7231064776663857,4
92X,0,0.8148506668042133,4
92X,1,1.011457176592855,4
93X,0,0.8055100927888124,4
95X,0,0.7871047403561413,4
96X,0,0.920453087978407,4
98X,0,0.8501911356090746,4
98X,1,1.0095954980810098,4
99X,0,0.8379247209159786,4
99X,1,0.6914317313080268,4
9E,0,1.1016042775304524,4
9R,0,0.9549338942645427,4
9R,1,0.9661226438071361,4
B,0,1.8471940458078475,4
B,0,0.8472255522645274,4
B,1,0.944353722772928,4
B - AM,0,1.0830909992904454,4
B7,0,0.9810178579409325,4
B7,1,0.7817826934662659,4
Blue Line,0,0.9936713442602371,4
Blue Line,1,0.9986883022695867,4
C,0,0.7709454613610596,4
C,1,1.1771660613170767,4
C - AM,0,0.9655046826365257,4
C3,0,0.9271185250434688,4
C3,1,0.9689506839552394,4
CA,0,2.2865902192440726,4
CA,1,1.2030985303255242,4
CC,0,1.0830343281702928,4
CC,1,1.039286392363026,4
D,0,1.0902654859001064,4
D - AM,0,0.7806949587205029,4
E,0,0.8906902478881938,4
ECR,0,0.9399528590446248,4
ECR,1,0.9866820779718205,4
EPX,0,1.0571574458369088,4
EPX,1,0.9411290426461862,4
Express 101,0,0.8756250043799477,4
Express 102,0,0.8647926536207026,4
Express 103,0,0.7569940778129183,4
Express 103,1,0.7403035610986436,4
Express 121,0,0.7690464385628448,4
F,0,0.9933915710840244,4
F,0,0.7774254731111979,4
F,1,1.001916530261838,4
F,1,0.7624409374744716,4
FCX,0,0.894010242364259,4
FS,0,0.8962755305371134,4
Green Line,0,0.9840883543309115,4
Green Line,1,0.9791582755978535,4
Hollis,0,0.9828312252486698,4
J,0,0.9434687665120572,4
J,0,1.0165496618981453,4
J,0,0.867698404983133,4
JPX,0,1.155375464824939,4
JPX,1,1.042926950844447,4
JX,1,0.9575720458955528,4
K,0,0.9793773312787464,4
K,1,0.949565590249048,4
L,0,0.9985177862770345,4
L1,0,1.0223129589513096,4
L1,1,1.0296119670104646,4
L3,0,1.009071429763752,4
L3,1,1.001104073694253,4
L4,0,1.0441721044669665,4
L5,0,0.9993803165606718,4
L5,1,1.0173855277593127,4
LBUS,0,0.9349927660613496,4
LBUS,1,0.99378996693816,4
Lynx,1,0.921498053499739,4
M,0,1.0001190280090326,4
M,1,0.9243976850349861,4
N,0,0.9943645142320022,4
N,1,0.9821184897619208,4
NL,0,0.8963719895453911,4
NL,1,0.9449327436555927,4
NX,0,1.0159622299526347,4
O,0,0.8957436948742576,4
O,1,0.9114818858094553,4
OA,1,0.9319360454673143,4
Orange Line,0,0.9754555147579468,4
Orange Line,1,0.9551458937070352,4
PH,0,1.1589148172309494,4
PH,1,0.9117599726168684,4
PM,0,0.5632868112519357,4
PM,1,0.8555877935198484,4
R,0,1.0989557562579215,4
R,1,0.9557683037568466,4
Rapid 500,0,0.9255880551775496,4
Rapid 500,1,0.9105859268624815,4
Rapid 522,0,0.9168237352923929,4
Rapid 522,1,0.8645955597029976,4
Rapid 523,0,0.9477985435428073,4
Rapid 523,1,0.9053395404089102,4
Rapid 568,0,0.9457052795582515,4
Rapid 568,1,0.936059930321712,4
S,0,1.0210572000063216,4
S,1,1.0059307566356857,4
SMART,0,0.9938559338791154,4
SMART,1,1.0027479302349385,4
SSF,1,0.8891800822524385,4
Shell/Pow,0,0.9943705486025513,4
T,0,0.9780685371337025,4
T,1,0.9698559371417199,4
V,0,0.9192989216943045,4
VJO,1,0.9249348730877669,4
Y,0,0.8466248965781668,4
Y,1,0.8941397329376793,4
ntsafens,0,0.9122461163087697,4
ntsafess,0,0.8720696031271143,4
peri,0,1.0345415662614137,4
revperi,0,1.0504959139842667,4
1,0,1.0290585210434944,5
1,1,0.9050568678491394,5
1,1,0.9311627908724173,5
2,0,0.9174751112858106,5
2,1,0.9188111588580803,5
2,1,0.9164591582701729,5
3,0,0.9036130400477144,5
3,1,1.0829294699834089,5
4,0,1.1986454641779734,5
4,0,1.1518495887767797,5
4,1,0.9838846478584928,5
5,0,0.9831928104883534,5
5,0,1.0183283949915365,5
5,1,1.0413847331145443,5
6,0,1.065973365412137,5
6,1,1.0133024998918603,5
7,0,0.9844853011338092,5
7,1,1.0119948380755792,5
11,0,0.9434951698547652,5
11,1,0.8746283738915782,5
14,0,0.9897875273421287,5
14,1,1.1677400886596285,5
17,0,1.190625000843947,5
17,1,0.9267047062124866,5
17,1,1.9534109792791519,5
18,1,0.9363400467189315,5
19,1,0.9843092232791724,5
20,0,0.9759929681865142,5
20,1,0.9816822088500312,5
20,1,0.9365386268542842,5
21,1,0.9997547677081209,5
23,0,0.9221574314012806,5
23,1,0.8863358129240276,5
24,0,1.0230914314786455,5
25,0,0.8989234197549929,5
25,1,1.1675407644596631,5
27,0,1.0523684843942471,5
27,1,0.9418798608704944,5
27,1,1.0260415411589021,5
28,0,0.9864175439955739,5
28,0,0.9762650318339212,5
28,1,1.2567733234906628,5
35,1,1.0684769664734195,5
40,1,0.8120492151383593,5
41,0,0.9026140439956232,5
42,1,0.7824231135996159,5
55,0,0.9167832456086112,5
72,0,0.9666094603595689,5
73,0,0.9211215997367111,5
73,1,0.9060619179160747,5
75,0,0.8900798940980925,5
75,1,1.0021309574245156,5
78,1,1.0117766915081783,5
79,1,1.0422765120473734,5
2510,0,0.9730158724589913,5
001-132,0,1.1193769744371813,5
001-132,1,1.47025635343322,5
002-132,0,1.0359078173125633,5
002-132,1,1.1105605609990792,5
005-132,0,0.9782193885378793,5
005-132,1,0.9929632186826736,5
007-132,0,0.8559144623995552,5
007-132,1,1.0542335189047025,5
008-132,0,1.2816897146298087,5
008-132,1,1.180152669557862,5
017-132,0,0.9496006980391001,5
017-132,1,1.2125735050389064,5
018-132,0,1.023743672539623,5
018-132,1,1.0869231052892698,5
020-132,0,1.0084662605824153,5
020-132,1,0.9511611146292414,5
023-132,0,1.0134394228113328,5
023-132,1,1.0074730645133891,5
024-132,0,0.978723884523601,5
024-132,1,1.0236653822298527,5
025-132,0,1.0352411702260391,5
025-132,1,0.627021095026742,5
028-132,0,1.015567870339874,5
028-132,1,1.0231726859397792,5
029-132,0,0.7587286966347637,5
029-132,1,1.025898617378517,5
034-132,0,0.9720609830423658,5
041-132,0,0.9731253483811956,5
041-132,1,0.9106801783057056,5
042-132,0,1.011392799693739,5
042-132,1,0.894469390351578,5
043-132,0,1.3223870055988007,5
043-132,1,1.068600996549522,5
044-132,0,0.9870403855593409,5
044-132,1,1.039072038741834,5
045-132,0,1.0122461333038066,5
045-132,1,0.9875216641826516,5
046-132,0,1.047684084815077,5
046-132,1,0.9980090120541996,5
048-132,0,1.0852054797122208,5
048-132,1,0.9018953746496466,5
049-132,0,0.8778436050902968,5
049-132,1,0.9477461500904273,5
059-132,0,0.9265063578500646,5
059-132,1,1.8053725286361864,5
061-132,0,1.051098025831544,5
061-132,1,1.046902878659904,5
084-132,0,1.414692655138814,5
091-132,0,1.3659429332150022,5
091-132,1,1.005060158114492,5
094-132,0,1.5745799721445726,5
094-132,1,0.9860282571753822,5
095-132,0,1.0998726222889819,5
095-132,1,1.0164977144641996,5
096-132,0,0.9316064756139366,5
096-132,1,1.0821271498345584,5
10N,1,1.0292140112858428,5
10S,0,1.0073677247950266,5
12N,1,1.0505158781660076,5
12S,0,1.0259597247812795,5
12X,0,0.8853570019461497,5
12X,1,1.1511710028437092,5
15N,1,1.0749118715217552,5
15S,0,1.0487247810179663,5
15X,0,1.0071412115851466,5
15X,1,0.9902990732515518,5
19X,0,0.9378839589792175,5
19X,1,0.8525934862738621,5
24X,0,1.109199464168231,5
24X,1,0.8552521805662038,5
3A,1,0.9916374844567177,5
3B,1,1.0291940149111525,5
901-132,0,1.0826834709338025,5
901-132,1,0.9863429119350916,5
902-132,0,1.005179033300758,5
902-132,1,1.0313423116298275,5
90X,0,0.5843886935414262,5
90X,1,0.8050895696559579,5
920-132,0,0.8632629111176644,5
923-132,0,1.0182728410426019,5
9N,1,1.0320787025366611,5
9S,0,0.9894391110319276,5
A,1,1.0014566160319045,5
B,0,0.9655201263596028,5
ROUTEA,0,0.508058362088493,5
ROUTEA,1,0.8612152809989306,5
ROUTEB,1,0.6484365726000789,5
1,0,1.0480807594764974,6
2,0,1.0433173167245913,6
3,1,1.0178357432151295,6
4,1,1.0213359703331082,6
5,1,1.2903183192339112,6
6,0,1.0216505080395752,6
7,0,1.0876058079491933,6
9,1,1.0427727534855142,6
14,0,1.0312499997492137,6
17,0,0.6178713383453966,6
20,0,1.0106413114758142,6
21,0,0.9478777243469139,6
21,1,0.9879787119326207,6
22,0,0.9859597529906821,6
22,1,1.041313634978073,6
41,0,0.9937853957818545,6
41,1,1.0142249895595608,6
42,0,0.9996217720262465,6
42,1,1.049544896101203,6
43,0,0.990742104626451,6
43,1,1.0581715707104136,6
44,0,1.0103014757297055,6
44,1,1.0178586381152321,6
45,0,1.0137920459240266,6
45,1,1.0203302335351245,6
46,0,1.0368793265164442,6
46,1,1.0849762576615287,6
47,0,0.9558331071616399,6
47,1,1.0089183587416382,6
61,0,0.984381905371912,6
61,1,0.9915818309110379,6
62,0,0.8740876445050612,6
62,1,1.1697771627729492,6
81,0,0.9359921414391611,6
81,1,1.1276595742957514,6
82,0,0.9696246345340972,6
82,1,1.074714163001865,6
83,0,0.9570667994761873,6
83,1,1.0501798307306993,6
84,0,1.067601246307288,6
84,1,1.0411794607771692,6
92,0,1.0350230465232946,6
92,1,1.0043449138516054,6
577,0,1.0495341410533963,6
577,1,0.9997795282576042,6
578,0,1.0063426453086721,6
578,1,1.15557760160117,6
579,0,1.155067357375555,6
2031,0,0.9771718649808062,6
2031,1,0.9099267390306207,6
2032,0,0.8922453584765312,6
2032,1,1.0109365142314728,6
2035,0,0.9992162629519435,6
2035,1,1.0556762224941934,6
2036,0,0.9575766487469419,6
2036,1,1.2657666911096377,6
2037,0,1.0072084430647679,6
2037,1,0.993445988962654,6
2040,0,0.9638793647423572,6
2040,1,0.9769477318476154,6
2041,0,1.023911285782472,6
2042,0,1.0479821348956033,6
2042,1,1.0173523054664293,6
2043,0,0.9317406858918452,6
2043,1,0.9638692146743169,6
2144,0,1.0423257678752023,6
2144,1,1.0026280590587928,6
3615,0,1.1056593254493434,6
3615,1,1.035804701696875,6
3818,0,0.9938607689730008,6
3818,1,1.0024512657737434,6
3819,0,0.9803978773027249,6
3819,1,0.9422916274249625,6
3820,0,0.9456189774505319,6
3820,1,0.9240490079050779,6
3821,0,0.923811102699185,6
3821,1,0.8970673008546257,6
3822,0,0.9548832121194069,6
3822,1,0.9856376823968198,6
3823,0,0.9498992557586651,6
3823,1,0.9622728880459271,6
3824,0,0.9932552850597884,6
3824,1,0.9926845705827056,6
3825,0,0.9942805578437636,6
3825,1,0.9756333162594708,6
3826,0,1.0174422296463441,6
3826,1,0.9938046788910774,6
3827,0,0.9210043552236542,6
3827,1,0.8675039950078861,6
3828,0,0.992261843530843,6
3828,1,1.013958131764832,6
3829,0,0.9027148941626233,6
3829,1,0.9953032620561164,6
3830,0,0.9717210314118789,6
3830,1,1.0048948260441424,6
3831,0,1.0625722832543578,6
3831,1,1.026067751733814,6
3832,0,1.0063582759318648,6
3832,1,0.9803817224704441,6
3833,0,1.0197392101487677,6
3833,1,0.9224049916551471,6
3834,0,0.9182159381546474,6
3834,1,0.9650372122751936,6
3835,1,1.098006177947465,6
4769,0,0.8797465009884095,6
4769,1,1.033147078173195,6
4772,0,0.9522760283351455,6
4772,1,0.9334854611949708,6
1,0,1.0074053319779246,7
1,0,0.9435359695592924,7
1,0,0.9984310115282212,7
1,0,0.9816984859237425,7
1,0,1.0267972648158876,7
1,1,1.0119004935352056,7
1,1,0.9378209727873531,7
1,1,0.9822706637917835,7
1,1,0.9470892085906945,7
1,1,0.9817135934145198,7
2,0,0.9827644405396404,7
2,0,0.8163702351289495,7
2,0,0.9625161955485164,7
2,0,0.9765934698260649,7
2,0,0.9242323611511613,7
2,1,0.9340174992277869,7
2,1,1.048137343092573,7
2,1,0.7864614654056594,7
2,1,1.1616243768429775,7
2,1,0.9231295188977772,7
2,1,0.9719902385335324,7
3,0,1.1337763594268444,7
3,0,0.9767163701279258,7
3,0,0.9016869596724143,7
3,0,1.0530565004790906,7
3,0,1.077386249959368,7
3,1,0.9651725878175099,7
3,1,1.0203665109521491,7
3,1,0.9534112042582508,7
3,1,0.8959268434460587,7
3,1,0.9618014012989512,7
4,0,0.8946294373897451,7
4,0,1.0105307952159936,7
4,0,0.9127723395975647,7
4,0,1.0159897957940567,7
4,1,0.9258651708497838,7
4,1,0.8518411996926686,7
4,1,1.1139865872522487,7
4,1,0.9718276025317176,7
4,1,1.022974940827069,7
5,1,1.007123103345469,7
5,1,1.004129957696984,7
5,1,0.3347419688622153,7
5,1,1.101749791206288,7
5,1,1.0760422588431635,7
6,0,0.9330041259278161,7
6,0,0.9502663109569925,7
6,1,0.8831409800396267,7
6,1,1.08125942098458,7
7,0,0.9888037015924975,7
7,0,0.8598422868491759,7
7,0,0.8842570682005325,7
7,0,1.0694074072735282,7
7,1,1.03669010779278,7
7,1,0.8859392148438678,7
7,1,0.9456903069855612,7
7,1,0.9811066710734853,7
8,0,0.8618108447425786,7
8,0,1.101655912452424,7
8,1,1.1989762880144186,7
8,1,0.792760071164188,7
9,0,1.030827972520806,7
9,1,0.9790760949313242,7
10,0,0.986701244018529,7
10,1,0.9524480598734981,7
11,0,0.9303403172813574,7
11,1,0.9935127711065279,7
12,0,0.9511826372165679,7
12,0,1.082132956895856,7
12,1,0.9910964198775385,7
12,1,0.9944840872001561,7
14,0,0.9763263943850277,7
14,1,0.9711305196585183,7
21,0,1.073588720877501,7
21,1,0.9727958318466395,7
22,0,0.942135030250073,7
22,1,0.9191751433581007,7
23,0,0.9389457773626121,7
23,1,0.9020436924715908,7
26,1,0.8196889392184789,7
27,1,0.9260752191505391,7
28,1,0.8107454981269445,7
29,1,0.7936113039104292,7
30,0,0.9014796013387325,7
30,1,1.0386241652174115,7
32,0,0.9683087716063379,7
32,1,0.9600883791075562,7
40,0,0.9778076666137308,7
40,1,0.9842673575890268,7
41,0,0.9920069982078934,7
41,1,0.9531772793599808,7
46,0,0.8235413428733139,7
46,1,1.0749081053967964,7
50,0,0.9685080631894406,7
50,1,1.1075263183267612,7
51,0,0.9864819167069059,7
51,0,0.9225265326247983,7
51,0,0.9631824759007537,7
51,1,0.8425097366747688,7
51,1,0.9331251708344008,7
51,1,0.9440951437585553,7
52,0,1.036724473719392,7
52,1,0.6642521439385161,7
52,1,0.9415523331220398,7
60,0,1.0870276393285676,7
60,1,1.0221904280866503,7
61,0,0.941579222265992,7
61,1,1.023203422738605,7
71,0,0.9688647518101116,7
71,1,0.9474030905072108,7
91,0,0.9457056122236516,7
91,1,0.8642554611108005,7
92,0,0.9792920788003936,7
92,1,0.9853395023618771,7
93,0,0.9576135451711995,7
93,1,0.9828629979823464,7
101,0,0.9155778542549495,7
101,1,1.079227459806875,7
102,0,0.831334175600741,7
102,1,1.1061615047880229,7
103,0,1.0480098852695015,7
103,1,0.9794848574189555,7
104,0,1.0169440812122181,7
104,1,0.9147769809136042,7
111,0,1.011505443469406,7
111,1,0.9622061027837895,7
112,0,0.970802654749011,7
112,1,0.8208183832720464,7
121,0,0.9207958203605454,7
121,1,0.95258086041377,7
131,0,0.935527842280992,7
131,1,1.0576960468312475,7
141,0,1.0417869877703554,7
141,1,0.992247667927473,7
151,0,0.973941150284387,7
151,1,0.9989336237150731,7
171,0,0.9123237700787676,7
171,1,0.9330722024397029,7
172,0,0.9954661289934509,7
172,1,1.0152256245971616,7
173,0,0.9451523066596992,7
173,1,0.9562487528623139,7
175,0,0.7848095730563937,7
175,1,0.9395831276847245,7
178,0,0.99937733564171,7
178,1,0.9832238590220035,7
181,0,0.8723562674395604,7
181,1,1.0726588203485246,7
182,0,1.0686323816083407,7
182,1,1.0042117959722934,7
185,0,1.0146696037496277,7
185,1,0.9435945150931581,7
187,0,0.9131756219789365,7
187,1,0.9093972576515335,7
188,0,0.9635738533120467,7
188,1,0.9665791479869217,7
190,0,0.843476133341865,7
190,1,0.979186364594904,7
191,0,0.9526463552975017,7
191,1,0.8865453964514154,7
192,0,0.9601337309303386,7
192,1,1.0031686295364468,7
194,0,0.8902011435473202,7
194,1,0.9421441397518507,7
195,0,1.0593225091764822,7
195,1,0.8656856750297129,7
197,0,1.0317780306608981,7
197,1,1.0383050512839318,7
269,0,0.9285372463277647,7
269,1,0.9900608880431268,7
270,0,0.9767041441852435,7
270,1,0.7916689336413327,7
272,0,0.9080648165428108,7
272,1,0.9752706585315841,7
274,0,1.0449222570762677,7
274,1,0.9178459917587231,7
280,0,0.9293186637217645,7
280,1,0.9369224091672488,7
281,0,0.9713741933657358,7
281,1,0.9664722557337941,7
282,0,0.8966856810596311,7
282,1,0.9338380616157722,7
284,0,0.9330908735393836,7
284,1,1.0125264224957233,7
285,0,0.9255763212129545,7
285,1,0.959932322534095,7
286,0,1.0121657056903282,7
286,1,0.9113385701004284,7
289,0,1.0062384250995733,7
289,1,0.9652248184502066,7
291,0,1.0156174769123036,7
291,1,0.9453503711793086,7
292,0,0.9661108738097157,7
292,1,1.065390446121614,7
480,0,0.9360000383383026,7
480,1,0.9386605089615908,7
482,0,0.8950059458442501,7
482,1,0.9280983419090126,7
486,0,0.92407511583288,7
486,1,0.9759225354677443,7
488,0,0.9414770064758167,7
488,1,0.9364305278544344,7
490,1,0.7232787921019934,7
492,0,0.9878597948525885,7
492,1,0.9324659298700219,7
493,0,0.8779525907148086,7
493,1,0.785961063534857,7
495,0,0.9508328659251302,7
495,1,0.8631705940122585,7
498,0,0.7252407055831781,7
498,1,0.9028264793969961,7
499,0,1.2769922544970156,7
499,1,0.9360360446737299,7
502,0,0.9864362171274329,7
502,1,1.045875266167772,7
562,0,1.2279467089832192,7
562,1,1.9586373341387837,7
563,0,1.021907267366047,7
563,1,0.9513114538247929,7
564,0,0.9758706042165916,7
565,0,0.8753419343755726,7
565,1,0.9038081312785097,7
566,0,0.961257862746396,7
566,1,1.017162026970606,7
567,0,0.9824013185071603,7
568,0,1.0459886739896183,7
571,0,0.9714861303708602,7
572,0,1.005505653454642,7
573,0,0.9435638941193725,7
574,0,1.013567811646891,7
575,0,0.940083261220617,7
576,0,0.9565212979072472,7
576,1,0.8847130569520144,7
589,0,0.9685052619527033,7
603,0,0.8972793002196533,7
604,0,0.9806440828419499,7
605,0,0.9918573496828575,7
623,0,2.0037371189570212,7
629,1,0.81456411258901,7
634,1,1.0408450321074632,7
699,0,0.8735162334301676,7
699,1,0.7808001727782538,7
707,0,0.9108241509735082,7
707,1,0.9508962818851915,7
708,0,1.0122710303703042,7
710,0,1.0224372159685406,7
711,0,0.9538711988002041,7
712,0,0.9277601551314445,7
712,1,0.9726663805110551,7
713,0,0.9613991267692618,7
714,0,0.9857025835882086,7
715,0,0.9324959606575683,7
716,0,0.9464455073755981,7
757,0,0.859002638175734,7
757,1,1.0870870073650447,7
791,0,1.0021326002789608,7
791,1,0.8130281350452415,7
792,0,0.6303503967722269,7
792,1,1.0124989386259922,7
798,0,0.9741768230425201,7
800,0,0.8156203203698262,7
801,0,1.024388966319723,7
801,0,0.9363243416059419,7
801,1,1.0000087497572623,7
802,0,1.0007907583261955,7
802,1,0.9690034161879736,7
803,0,0.9985864792975424,7
803,1,1.0040019438158716,7
804,0,0.9891469729374274,7
804,0,0.8461768732436521,7
804,1,0.9872031413479345,7
805,0,0.944605710261848,7
807,0,0.9595301656901094,7
807,1,1.0085415299298948,7
853,0,1.1655922838877368,7
856,0,0.7108673153923587,7
856,1,0.8964065636056027,7
858,1,0.7478237719038457,7
861,0,1.0068334550392357,7
867,1,0.8043138439305854,7
868,0,0.9411229802214416,7
868,1,0.8372210264329032,7
869,1,0.9890558753260678,7
870,0,1.1480956279382597,7
870,1,0.885197845378754,7
1458,1,0.994979567407925,7
1690,0,1.0651659414632342,7
1691,0,1.0075454688188974,7
1692,0,1.071724238075586,7
1693,0,0.9841300404670364,7
1694,0,1.0820108221309113,7
1695,0,1.0002766811088548,7
1756,0,1.1647665727161256,7
1757,0,0.9811034771023573,7
1758,0,1.005010846138511,7
3162,0,0.901068955428034,7
3163,0,1.0338973911660279,7
3385,0,0.8635177082031948,7
3385,1,0.9216896234803358,7
3393,0,1.183468285001086,7
3394,0,0.9546674183529006,7
3394,1,1.004479510870398,7
3395,0,1.0565776495870727,7
3396,0,0.9050269455699209,7
3396,1,1.0769760867634408,7
3397,0,0.9969827862016698,7
3397,1,1.1240738944888373,7
3398,0,1.0324169569960475,7
3398,1,1.008627730907538,7
3399,0,0.9668120643794192,7
3399,1,0.9663956212324771,7
3401,0,0.9719609582399995,7
3401,1,1.0081527808539041,7
3402,0,1.0801419188997694,7
3402,1,1.0600554724572624,7
3403,0,0.9867394727819605,7
3403,1,0.8001007341239317,7
3404,0,0.9272308311277824,7
3404,1,0.9993467850613964,7
3405,0,0.9509070761431119,7
3405,1,0.9304284429331374,7
3406,0,0.9550894447142253,7
3407,0,1.4020011045255574,7
3408,0,0.9489268879777389,7
3408,1,1.04977524369889,7
3540,0,0.8641405083960164,7
3547,0,1.0459340727210398,7
3580,0,0.8983966492067004,7
3580,1,0.8114797825796628,7
3638,0,0.8531729707651411,7
3639,0,1.0161272052653407,7
3664,0,1.1583266202282303,7
3665,0,1.0052968455670803,7
3705,0,0.8187257455494531,7
3705,1,1.0117121710969355,7
3706,0,0.8622017135127356,7
3706,1,0.934019103445636,7
3707,0,0.9233073195752453,7
3707,1,0.8133093894707568,7
3709,0,0.7421402584026825,7
3709,1,0.9251044130890524,7
3711,0,0.8081227898647471,7
3711,1,0.9168744125941929,7
3712,0,0.8796079287624274,7
3712,1,0.8270106148642106,7
3713,0,0.8729073647225924,7
3713,1,0.9983184203944558,7
3714,0,0.8141500141678645,7
3715,0,0.6911459514145082,7
3715,1,0.963919839353276,7
3716,0,0.9385763947190108,7
3716,1,0.7083126844012694,7
3717,0,0.6561482995758324,7
3717,1,0.7184443134029534,7
3718,0,1.0281284303215177,7
3718,1,0.913732118591793,7
3719,0,0.7885806011761409,7
3719,1,0.8762900130776605,7
3720,0,0.9447531112835554,7
3720,1,0.9775486021821768,7
3722,0,0.8327646892866252,7
3722,1,0.893027071751358,7
3724,0,1.049051439035395,7
3726,0,0.9562309490832887,7
3726,1,1.0296648753878863,7
4109,0,1.0246161076438598,7
4116,1,2.30275606710705,7
4119,0,0.9535658388273724,7
4119,1,0.9550528321459401,7
4126,1,1.2633100551537353,7
4127,0,1.1122439033052098,7
4127,1,0.9306980874856258,7
4128,0,0.8404751800665531,7
4128,1,0.9752163653789602,7
4129,0,0.8898430647305821,7
4129,1,0.8587063050315343,7
4133,0,0.9346904664877789,7
4133,1,0.9547744769862083,7
4134,0,1.0869180197407782,7
4141,1,0.8809880310245295,7
4252,0,0.9970220370935358,7
4290,1,0.554240631331541,7
4291,0,0.12042191944923568,7
4443,0,0.9280806324745939,7
4444,0,0.9473990358365729,7
4444,1,0.95815574965412,7
4445,0,0.9289005955522576,7
4446,0,0.9595887066992934,7
4446,1,1.0006987742509283,7
4447,0,0.9559887445838785,7
4577,0,0.7959389817312248,7
4577,1,0.8965330310691992,7
4720,0,0.9840751742157106,7
4720,1,0.9209887540110392,7
4763,0,0.6015857842374353,7
4763,1,0.5573430856561523,7
4778,0,1.1541379361633368,7
4778,1,1.0655889196408967,7
4815,0,0.9865732005924291,7
4815,1,0.8390775905680138,7
4819,0,1.044238859069431,7
4819,1,0.9469676941583526,7
4867,0,0.9655774787796128,7
4867,1,0.9461543250596568,7
4868,0,1.0027029187947498,7
4868,1,1.0380936346512797,7
4869,0,0.9503430392583723,7
4869,1,0.92233115424085,7
4928,0,1.0651898997454943,7
4929,0,0.9595877425446401,7
4930,0,1.0100299481958996,7
4931,0,0.9891614900814059,7
4940,0,0.977279001532552,7
4940,1,0.9768056159374292,7
5285,0,1.0153279832972237,7
5819,0,1.0562259715958615,7
5820,0,0.9814824452476338,7
10-13172,0,0.8702331340054211,7
10-13172,1,0.8714497003028732,7
102-13172,0,0.915415030360101,7
102-13172,1,0.9538022093767086,7
105-13172,0,0.9071545185910131,7
105-13172,1,0.900143702553795,7
106-13172,0,0.9108949635190193,7
106-13172,1,0.907698112689355,7
108-13172,0,0.9690270375123675,7
108-13172,1,1.002831916301331,7
110-13172,0,0.9687606920748748,7
110-13172,1,0.9689050893617119,7
111-13172,0,0.9317728958893884,7
111-13172,1,0.9433603203182708,7
115-13172,0,0.955573812206741,7
115-13172,1,0.9787211333422513,7
117-13172,0,0.9578724849513399,7
117-13172,1,0.9520020829338478,7
120-13172,0,0.9486628373283169,7
120-13172,1,0.9698820071345265,7
125-13172,0,0.9859224281573131,7
125-13172,1,0.9889594304594015,7
127-13172,0,0.9070096616404555,7
127-13172,1,0.9388571652328476,7
128-13172,0,0.9884267318650408,7
128-13172,1,0.9482734191386107,7
134-13172,0,0.9346778166308461,7
134-13172,1,0.8846649891631916,7
14-13172,0,0.8655058790898585,7
14-13172,1,0.9286563030602094,7
150-13172,0,0.9007101684344505,7
150-13172,1,0.8790662961772403,7
152-13172,0,0.910182074507748,7
152-13172,1,0.9280287766487444,7
154-13172,0,0.9511574862988957,7
154-13172,1,0.8844654470045685,7
155-13172,0,0.9238717961852356,7
155-13172,1,0.8600261360229722,7
158-13172,0,0.9618929811569914,7
158-13172,1,0.948522708709473,7
16-13172,0,0.8681566892987472,7
16-13172,1,0.920332894322512,7
161-13172,0,1.0348798835763693,7
161-13172,1,0.9535281679712274,7
162-13172,0,0.9265311933757052,7
162-13172,1,0.9325704895753626,7
164-13172,0,0.94082711065754,7
164-13172,1,0.9582902404959254,7
165-13172,0,0.9031900471394311,7
165-13172,1,0.963699547983772,7
166-13172,0,0.8950774007386108,7
166-13172,1,0.9490650684108589,7
167-13172,0,1.0470040397047895,7
167-13172,1,0.9076544704311922,7
169-13172,0,0.9711148092604932,7
169-13172,1,1.0398918157286101,7
177-13172,0,0.892504589084093,7
177-13172,1,0.943009170686186,7
179-13172,0,0.8685436426830041,7
179-13172,1,0.894109287078548,7
18-13172,0,0.9285010788496769,7
18-13172,1,0.9218620283544104,7
180-13172,0,0.9353877664704282,7
180-13172,1,0.897996561840322,7
182-13172,0,0.876482325626297,7
182-13172,1,0.8772323522222946,7
1C1,0,1.0627092846716646,7
1C1,1,0.8572544367414779,7
1X,0,0.9381338524839328,7
1X,1,1.0177764741112323,7
2-13172,0,0.8927182675959038,7
2-13172,1,0.8722836137322654,7
20-13172,0,0.7974776717981252,7
20-13172,1,0.8419651087353847,7
202-13172,0,0.937981773554239,7
202-13172,1,0.9720391196783634,7
204-13172,0,0.9002102795319887,7
204-13172,1,0.9300799267476194,7
205-13172,0,1.0098233314554594,7
205-13172,1,1.0072230785277243,7
206-13172,0,0.938429207393226,7
206-13172,1,0.9249979088907668,7
207-13172,0,0.8582679249789518,7
207-13172,1,0.9098490392584805,7
209-13172,0,0.8756796650167613,7
209-13172,1,0.914405288897561,7
20cc,0,1.0078607806202737,7
20cw,1,1.0450872818151982,7
210-13172,0,0.9220795184558364,7
210-13172,1,0.8797462728861001,7
211-13172,0,1.0731450081290868,7
211-13172,1,0.83466235538029,7
212-13172,0,0.8749968050347442,7
212-13172,1,0.9322769966580313,7
217-13172,0,0.8556163512031639,7
217-13172,1,0.806201223153768,7
218-13172,0,0.8256768331870962,7
218-13172,1,0.8792302239884177,7
222-13172,0,0.8820622397664825,7
222-13172,1,0.9160623866180281,7
224-13172,0,0.893202198631918,7
224-13172,1,0.8800651249692952,7
230-13172,0,0.9303998956949973,7
230-13172,1,0.9019087076932051,7
232-13172,0,0.982408542025089,7
232-13172,1,0.9637381343700188,7
233-13172,0,0.876688517725035,7
233-13172,1,0.8184143871976103,7
234-13172,0,0.8989684476253057,7
234-13172,1,0.8903721125915011,7
236-13172,0,0.9304959317800483,7
236-13172,1,0.9616853387410355,7
237-13172,0,0.8734962253176802,7
237-13172,1,0.8831813943381136,7
240-13172,0,0.8478181107224273,7
240-13172,1,0.9037535424099326,7
242-13172,0,0.8890886274192981,7
242-13172,1,0.9029012411596521,7
244-13172,0,0.9270670401510656,7
244-13172,1,0.9214478139069775,7
246-13172,0,0.9022428140088916,7
246-13172,1,0.8763200904607027,7
251-13172,0,0.9249242722664458,7
251-13172,1,0.9014738141022979,7
256-13172,0,0.9022001555740746,7
256-13172,1,0.9346061176365948,7
258-13172,0,1.0040530874225366,7
258-13172,1,1.0299091059300067,7
260-13172,0,0.9675766610066183,7
260-13172,1,0.930601597596246,7
265-13172,0,0.9255651602974377,7
265-13172,1,0.9738695042662034,7
266-13172,0,0.9572815485078155,7
266-13172,1,0.9641168374177191,7
267-13172,0,0.905214131006272,7
267-13172,1,0.9695929382273688,7
268-13172,0,0.9279990210459936,7
268-13172,1,0.9311754622884612,7
28-13172,0,0.9301969871133174,7
28-13172,1,0.8765825926883964,7
287-13172,0,0.9761516893107111,7
287-13172,1,1.040252065787242,7
294-13172,0,0.895221331604818,7
294-13172,1,0.9652450412872581,7
30-13172,0,0.8318227341176532,7
30-13172,1,0.8363537920872679,7
33-13172,0,0.8848454959459799,7
33-13172,1,0.889435723398107,7
344-13172,0,0.922709605414793,7
344-13172,1,0.9435445845890224,7
35-13172,0,0.915369133498861,7
35-13172,1,0.9125551767428441,7
4-13172,0,0.9019412133710253,7
4-13172,1,0.8817581097727828,7
40-13172,0,0.9291944649467822,7
40-13172,1,0.9509121666889062,7
45-13172,0,0.9074929951790432,7
45-13172,1,0.9231516925960211,7
460-13172,0,0.9298984033158462,7
460-13172,1,1.038344474773246,7
487-13172,0,0.8272443930934987,7
487-13172,1,0.8258267303930994,7
501-13172,0,0.9449949661314985,7
501-13172,1,0.9313719570490839,7
51-13172,0,0.8834830526229859,7
51-13172,1,0.9231790185233467,7
53-13172,0,0.94111226401999,7
53-13172,1,0.9499993313456725,7
55-13172,0,0.8765188332125255,7
55-13172,1,0.9088624417519231,7
550-13172,0,0.7920788230499244,7
550-13172,1,0.8717307283796927,7
577-13172,0,0.9639779004428413,7
577-13172,1,0.8159148305151762,7
5C1,0,0.6192304260135035,7
5C1,1,1.2179836509249473,7
5C2,1,0.8278791089231115,7
60-13172,0,0.9206322968323805,7
60-13172,1,0.9110247261862976,7
601-13172,0,0.8343871348634396,7
601-13172,1,0.9144838055187179,7
602-13172,0,0.6165804494261892,7
602-13172,1,0.8839683218484702,7
603-13172,0,0.9360440490926467,7
603-13172,1,1.005546607431034,7
605-13172,0,0.9692386355939421,7
605-13172,1,0.9552448364147735,7
611-13172,1,0.9691381373960173,7
617-13172,0,0.882714893776359,7
617-13172,1,0.7439506333109847,7
62-13172,0,0.9377775593987808,7
62-13172,1,0.9240572391229755,7
66-13172,0,0.9200557699020153,7
66-13172,1,0.888471131047259,7
660-13172,0,0.9404670094368537,7
660-13172,1,0.8624456511101938,7
662-13172,0,0.8771716630590459,7
662-13172,1,0.9052980685763791,7
665-13172,0,0.8700073514925234,7
665-13172,1,0.9448522296306714,7
686-13172,0,0.8366803062627005,7
686-13172,1,0.923880346926343,7
690-13172,0,0.8987702924651179,7
690-13172,1,0.9480452678877036,7
6R,0,0.9505700186949971,7
6R,1,0.9114232286964316,7
70-13172,0,0.9773003943437844,7
70-13172,1,0.9285256381699797,7
720-13172,0,0.8904078512250738,7
720-13172,1,0.9080597914766871,7
754-13172,0,0.9391764798170634,7
754-13172,1,0.9516386062966591,7
76-13172,0,0.8909005869180617,7
76-13172,1,0.9153152759091266,7
761-13172,0,0.9431983383711889,7
761-13172,1,0.8692327850863926,7
78-13172,0,0.9246684461229858,7
78-13172,1,0.958626632413226,7
81-13172,0,0.9439477858955094,7
81-13172,1,0.9361674207345466,7
90-13172,0,0.9518814604641799,7
90-13172,1,0.9619140539476221,7
901-13172,0,0.9533677051131523,7
901-13172,1,0.9721525390561975,7
910-13172,0,0.8787740540796378,7
910-13172,1,0.9601393800926562,7
92-13172,0,0.9175133008991512,7
92-13172,1,0.9550884959532586,7
94-13172,0,0.9482061967210634,7
94-13172,1,0.9275821490502302,7
96-13172,0,0.9542558283975136,7
96-13172,1,1.0119963981618236,7
1,0,1.0156894299003016,8
1,1,0.9226530600610756,8
3,0,0.905750798340368,8
3,1,0.8690482070942814,8
8,0,1.0504764348328612,8
8,1,0.9976152869138812,8
9,0,1.0367646451815922,8
9,1,1.0392151011176667,8
10,0,1.1458903802095803,8
10,1,1.1353020483509215,8
11,0,0.7772158786690192,8
11,1,1.1288882464063936,8
12,0,1.0030778501957518,8
12,1,0.9607450831390798,8
13,0,1.090926168369033,8
13,1,1.073453922463808,8
14,0,0.965151096119092,8
14,1,0.9337635370051272,8
15,0,0.970257505588459,8
15,1,0.9485218866181114,8
16,0,0.9333281945082454,8
16,1,0.9856741332431549,8
18,1,0.9848984119430397,8
19,0,1.0424411608009463,8
19,1,1.048271617828241,8
20,0,0.9963257742755898,8
20,1,0.9226021633438515,8
21,0,0.8115496176678517,8
21,1,0.9192098659626994,8
22,0,0.9998757901042149,8
22,1,1.001627619420408,8
23,0,1.0795902145676721,8
23,1,0.9734476803769361,8
24,0,0.9280182756238573,8
24,1,1.0441049023493358,8
27,0,0.9604053464497503,8
27,1,1.0215194824414169,8
28,0,1.017145384461675,8
28,1,0.999587526390882,8
29,0,0.9421788963186474,8
29,1,1.0684104631768598,8
30,1,1.1800625001899452,8
31,0,1.057266855902066,8
31,1,0.9547918790001784,8
41,0,0.9711927353200775,8
41,1,0.9711878189524331,8
44,0,0.9662780949512494,8
44,1,0.8932673174548532,8
49,0,0.9551103121705129,8
49,1,0.9043396541502917,8
51,1,1.001026882661518,8
55,1,0.9120073227379433,8
56,1,0.9296289869286547,8
61,0,1.1721758147837686,8
61,1,0.9156821812897109,8
74,0,0.9760211906483307,8
74,1,0.9751750164021192,8
79,0,0.9256732618812,8
79,1,0.9907825957464391,8
200,0,0.9839566704964564,8
200,1,0.8693610296445691,8
204,0,0.9723249963635967,8
204,1,1.1567087585250746,8
206,1,0.6011669961602866,8
352,0,0.993705605140144,8
352,1,1.0907792117719703,8
354,0,0.9704851753691184,8
354,1,0.9306593004409945,8
374,0,1.0748398945157074,8
378,0,1.1757481183685257,8
1381,1,0.8709022790302252,8
3202,0,0.7116889432923917,8
3203,0,0.9595630132533761,8
3203,1,1.1034022167463309,8
3204,0,0.9573628820252393,8
3204,1,0.9604880968872415,8
3205,0,1.0447025781928654,8
3205,1,0.9795171760975788,8
3206,0,0.8910649980315667,8
3206,1,0.9679063988302079,8
3207,0,0.9854170190566597,8
3207,1,1.073328127567296,8
3208,0,0.874092101020878,8
3209,0,1.0144170684523601,8
3209,1,1.1262622115960481,8
3210,0,1.0167514754914824,8
3210,1,1.0076196132123874,8
3211,0,0.9419102600941768,8
3211,1,1.313742812203588,8
3213,0,1.0358122443481592,8
3213,1,0.8953850261674483,8
3215,0,1.0587835283390294,8
3215,1,0.9727646336278104,8
3216,0,0.9297774074078237,8
3216,1,0.9202195520077286,8
3218,0,0.983945560561645,8
3218,1,0.9520251376525204,8
3219,0,0.998400092441264,8
3219,1,1.0474726432560024,8
3220,0,0.9024670326877988,8
3220,1,0.8069444516809053,8
3224,0,0.8510220748387761,8
3224,1,0.7458641093339102,8
3226,0,1.0334799120398184,8
3226,1,1.2117021275179798,8
3227,0,0.9791308087680682,8
3227,1,0.9569389526278601,8
3228,0,0.9621612951181256,8
3228,1,0.943919774124254,8
3229,0,1.0186306035345782,8
3229,1,1.0640986589385357,8
3239,0,1.3117273577639548,8
3239,1,0.9876577840442571,8
3240,0,1.0653846159116003,8
3240,1,1.07076741509423,8
3241,0,1.019858583275658,8
3241,1,0.9076876641246461,8
3242,0,1.0032567558849539,8
3242,1,0.9895110754228528,8
4500,0,1.0101862196861826,8
4500,1,1.0026123758776437,8
5330,0,0.9083540964615214,8
5330,1,0.9498779060687815,8
5964,0,0.9897366305112665,8
5965,0,1.1226067583375638,8
5967,1,1.0245371404389712,8
11036,0,1.0433804353496896,8
11036,1,0.9736411035661324,8
11037,0,0.9753485119549737,8
11037,1,1.0594262492118438,8
11038,0,1.0120426416424335,8
11038,1,0.9303688279755811,8
11039,0,0.9949810210619233,8
11039,1,1.0301210933994802,8
11040,0,1.0261345469397878,8
11040,1,0.9782342284571969,8
11041,0,0.9651116366798858,8
11041,1,1.0221351753584214,8
11042,0,0.9525543471626808,8
11042,1,0.9608117874720393,8
11043,0,0.9127766888439409,8
11043,1,0.8561608041161175,8
11044,0,0.9869343606918967,8
11044,1,0.9729339815185872,8
11046,0,0.9657089269967042,8
11052,0,0.97324587010249,8
11053,0,0.9177437196921413,8
11053,1,0.9291002634716433,8
11054,0,0.9830484397628264,8
11054,1,1.000195219922253,8
11055,0,0.9095665019876167,8
11055,1,1.027388081130083,8
11056,0,1.1105940247944088,8
11056,1,0.9920593502205324,8
11057,0,1.0078613685087123,8
11057,1,0.9159811705685377,8
11058,0,0.9133454094398892,8
11058,1,1.0003595679786115,8
11059,0,1.0492207198732493,8
11059,1,1.0312129771829457,8
11060,0,0.969461761904312,8
11060,1,1.062105175047326,8
11061,0,1.0677072117937212,8
11061,1,1.0029139556201017,8
11062,0,1.0322305702199166,8
11062,1,1.0258928984850104,8
11063,0,1.0182379468701488,8
11063,1,0.9189735066822056,8
11064,0,0.9734285000377606,8
11064,1,0.8854614090486994,8
11662,0,0.8230292266326682,8
11662,1,0.8256836717839985,8
16684,0,0.8978082916510123,8
76158,0,0.9784292783462682,8
765,0,1.0851152761171206,9
6178,1,1.5221125600557581,9
76756,0,0.7807657488776689,9
76756,1,1.0918329204029023,9
1,0,1.0214413684384576,10
2,0,1.0371542750228633,10
3,0,1.0206753139100928,10
4,0,0.971773604223835,10
4,1,0.8983262534094235,10
5,0,1.1984205591727184,10
5,1,1.0151407532926007,10
6,0,0.8946662858492652,10
9,0,0.8800287353396312,10
9,1,0.870787137462971,10
40,0,1.0227125917443372,10
40,1,1.0301104553442888,10
43,0,1.0584739119182072,10
43,1,0.9933783950855506,10
44,0,0.9940765423285156,10
44,1,0.9261236649864125,10
47,0,0.734546989384023,10
47,1,0.9914206914567198,10
49,0,0.9993700460848953,10
49,1,1.059573959436164,10
90,0,0.977273881532792,10
90,1,0.9545733076914857,10
91,0,1.1672288093584098,10
91,1,1.0327214513857208,10
93,0,0.9652281320166001,10
93,1,0.9810683874632183,10
95,0,0.6997342001723071,10
95,1,1.4332438371028862,10
97,0,0.9150759180570027,10
97,1,0.93385669459668,10
150,0,1.0990663117886532,10
150,1,0.9481811433666751,10
163,0,0.9695782027935207,10
277,1,1.004104831023168,10
510,0,1.0557667145047258,10
510,1,1.0192071470439763,10
515,0,1.1120417768237965,10
515,1,1.0960683381426857,10
525,0,1.0086465770810409,10
525,1,1.050752892805582,10
545,0,0.9881873372252065,10
545,1,0.9316370952142465,10
555,0,0.9937179829197232,10
555,1,1.0194759035106897,10
566,0,1.0032271850006798,10
566,1,0.8966477985098108,10
578,0,1.004928164232056,10
578,1,0.9333808186301288,10
16611,0,1.5890336589335885,10
16611,1,1.15852081698045,10
16612,0,0.8741883119962295,10
16612,1,1.0991510319360258,10
16613,0,1.0814291649755903,10
16613,1,1.0220574609180273,10
16614,0,0.8932954547964372,10
16615,1,1.0618510159227537,10
16616,0,1.04216364649269,10
40 L,0,0.9990237886550181,10
40 L,1,1.1436697546152272,10
ACETrain,0,1.0055986902161194,10
1,0,0.9295085664429352,11
1,1,0.9687965949786163,11
2,0,0.9430705643797579,11
2,1,0.9408976471618307,11
3,0,0.9271900876172078,11
3,1,0.9876498470977242,11
4,0,0.9193230965733664,11
4,1,0.9558794560978321,11
5,0,0.916791047359638,11
5,1,0.9664992038145871,11
6,0,0.9513074156767554,11
6,1,0.9157002198097988,11
7,0,0.9227912887171591,11
7,1,0.8996713051200076,11
8,0,1.05074092372502,11
8,1,0.9832694048484683,11
9,0,0.9244120828475527,11
9,1,0.9152410739634829,11
10,0,0.881834734485724,11
10,1,0.8978113025997136,11
11,0,0.9153833728188009,11
11,1,0.9573244929727465,11
12,0,0.9639184703166234,11
12,1,0.9225779735209726,11
13,0,0.9654387447446443,11
13,1,0.9436958199256025,11
14,0,1.0485156145366545,11
14,1,0.9294759989928241,11
18,0,0.8870398267877319,11
20,0,0.9997628186899999,11
20,1,0.8970770746211147,11
25,0,1.0323901010400516,11
25,1,0.8803985842578024,11
27,0,0.8825799163922158,11
27,1,0.9617552714089608,11
28,0,0.8772943947927943,11
28,1,1.0936882203207956,11
30,0,0.9921561057955883,11
30,1,0.9620363915388577,11
31,0,0.8194652023447235,11
31,1,0.9504897731565984,11
35,0,0.9451804940253217,11
35,1,0.88927626643512,11
41,0,0.8702892831514587,11
41,1,0.7682585154010799,11
43,0,0.8807559422119252,11
43,1,0.9546198974595199,11
44,0,0.9420746936439722,11
44,1,0.9720152081270802,11
60,0,0.8725448639033657,11
83,0,0.964078183023776,11
83,1,0.9501636759328828,11
84,0,0.9467305079449424,11
84,1,1.0809977836708433,11
88,0,0.8120160786324194,11
88,1,0.9223731746305517,11
105,0,1.0174666524069498,11
105,1,0.8765456706225342,11
110,1,0.912514264171278,11
115,0,0.9771210195270114,11
115,1,0.9810700623507187,11
120,0,0.9439312422953203,11
120,1,0.9589935762379609,11
201,1,0.9172459379806658,11
202,0,0.9506198970831362,11
204,0,0.9997312548568473,11
215,0,0.9190121795435074,11
215,1,0.9087412348268662,11
225,0,0.9594692811858914,11
225,1,0.9207854990237052,11
227,0,0.976488218143191,11
227,1,0.9557268169701995,11
235,0,0.9474306574702541,11
235,1,0.9509378362225684,11
237,0,0.9280027989092682,11
237,1,0.8779283137727846,11
280,0,1.0493800303026948,11
280,1,0.8789807118857669,11
290,1,0.8688590811954098,11
301,0,0.9645580873149472,11
301,1,0.965923848627371,11
302,0,0.9891307360157333,11
302,1,0.9503229827386324,11
303,0,0.8987141324006318,11
303,1,0.9363965411997781,11
304,0,0.9122638758879545,11
304,1,0.8908452294583141,11
305,0,0.8702651920914289,11
305,1,0.8754111723962446,11
306,0,0.9226975597019289,11
306,1,0.998211483774175,11
308,0,0.9202741016272302,11
308,1,0.9271602577020336,11
309,0,0.9535340945656059,11
309,1,0.9795212489989663,11
311,0,1.1369709986942926,11
311,1,0.7696589219611459,11
313,0,0.9545941728571605,11
313,1,1.027752948988552,11
315,0,1.0106861122776745,11
315,1,0.9881341576980245,11
318,0,0.9520705641450703,11
318,1,0.916968456302423,11
323,0,1.0246690831468974,11
323,1,0.7511529894393477,11
325,0,1.0221514886635372,11
325,1,0.9392550108439897,11
332,0,0.8923651412663783,11
332,1,0.9077803959872119,11
334,0,0.9532816100479975,11
347,0,0.9092782289957735,11
347,1,0.9046821544432557,11
350,0,0.8294678325078374,11
350,1,0.8152215548639941,11
351,1,0.8419381787593727,11
352,0,0.8515055460224623,11
353,0,1.0086233808428215,11
353,1,1.0725580908014076,11
354,0,0.873820358413204,11
354,1,0.8397624018335529,11
355,1,0.9047712932661537,11
356,0,1.030519877756762,11
357,0,0.8869992741393969,11
358,0,0.852289650870488,11
359,1,0.9372616492130373,11
371,0,0.8655800169508255,11
371,1,0.835847950182507,11
388,0,0.9432402991016672,11
388,1,1.2483770183206184,11
392,0,0.98024060802336,11
392,1,1.0012124781879672,11
395,0,1.4376608521053285,11
395,1,1.044445932975258,11
398,0,1.0243993444809179,11
398,1,0.9948762728236329,11
399,0,0.9985247401285069,11
399,1,1.0064185449500573,11
445,1,1.0824265294861184,11
510,0,0.9963214467313917,11
510,1,0.9962736142299665,11
520,0,1.06355602843882,11
520,1,0.9981834010256208,11
530,0,1.002078735669753,11
530,1,1.0217658885120997,11
604,0,1.6959283346149783,11
604,1,1.184479379978163,11
623,0,0.9706110232844386,11
701,0,0.9362800748623751,11
701,1,1.006784513688819,11
704,0,0.8853869362360266,11
704,1,0.9846010262059317,11
705,0,0.983659503305155,11
705,1,1.057775367325181,11
707,0,0.9627745870368889,11
707,1,0.8559232229246733,11
709,0,0.968114366246579,11
709,1,0.9321917560989859,11
712,0,0.9360799997963798,11
712,1,0.936862102148826,11
815,0,0.9900754657648678,11
815,1,0.9716271231268898,11
816,0,0.9534121510892699,11
816,1,1.080903426041149,11
832,0,0.8964122223719876,11
833,0,1.0446183057967116,11
833,1,0.8974333068177895,11
834,0,0.7695016215781756,11
838,0,0.9774543550870526,11
838,1,0.9670556634544776,11
848,0,0.9814180404815421,11
848,1,0.9164354100718851,11
851,0,0.8563056464747486,11
851,1,0.9997536749849623,11
852,0,1.0171167552908937,11
852,1,0.8720298441617284,11
854,0,0.9845165731177807,11
854,1,0.9410629454170175,11
855,0,0.8905214893176525,11
855,1,0.9117402951356895,11
856,0,0.942549921369735,11
856,1,0.9059671141539772,11
864,0,0.8526315352516765,11
864,1,0.9943966623881552,11
872,1,1.0494745178632525,11
874,0,1.0758789697299507,11
875,1,0.9848284428267565,11
894,0,0.9313953083062315,11
894,1,0.9422302542553346,11
901,0,0.9813800401312683,11
901,1,0.9978723529399,11
904,0,0.6091197142542062,11
904,1,0.9465007527423881,11
905,0,0.9241721689026101,11
905,1,0.9870733450668039,11
906,0,0.8980008969867065,11
907,1,0.9514944579509659,11
909,0,0.8792617847028297,11
909,1,0.9719014578968077,11
916,0,1.230836633182369,11
917,1,0.8608301274655117,11
921,0,0.9070358857345527,11
921,1,0.9383153201951939,11
923,0,1.0482965956742356,11
923,1,0.9824744970882183,11
928,0,0.9798105491785659,11
928,1,0.9923173477141574,11
929,0,0.9815019643467543,11
929,1,0.9231789824313279,11
932,0,1.0027721305937896,11
932,1,0.9706606463403624,11
933,1,0.8685414809537386,11
934,0,0.9789177043308553,11
936,0,0.9232884712230879,11
936,1,0.9379103812290938,11
944,0,0.9766983563360337,11
944,1,0.9714436587448483,11
945,0,0.9220126684190852,11
945,1,0.9627666531559794,11
946,0,0.8157340086093987,11
955,0,0.9110722465712792,11
955,1,0.958803055363857,11
961,0,0.9230381691406639,11
961,1,0.9458271319751667,11
962,0,0.9518112401529121,11
962,1,0.9715991692183902,11
963,0,0.941503981217116,11
963,1,1.0802289574608714,11
964,0,1.0734282159172441,11
964,1,0.9989460490776773,11
965,1,0.920062028785638,11
967,1,0.8776953128004974,11
968,0,0.8901538829601497,11
968,1,1.0059981800771076,11
972,0,0.9534187909028873,11
973,1,1.41760660559225,11
979,0,1.1155183636036459,11
985,1,1.0572236844478813,11
992,1,0.8958900872403631,11
1,0,0.9739354764366999,12
1,1,0.9683037311809012,12
25,0,0.8789758436357875,12
25,1,0.8844162827585811,12
26,0,0.9529302672919499,12
26,1,0.9544903845216303,12
29,0,0.9273916873444944,12
29,1,0.9865456143841048,12
30,0,0.9745210982810881,12
30,1,0.9846072633889722,12
33,0,1.0214831521390841,12
33,1,0.96148047701901,12
35,0,0.984815281082655,12
35,1,0.9730436456645212,12
37,0,1.042525259881135,12
37,1,0.9989761967898658,12
38,0,0.9702473709873083,12
38,1,0.9240364335531589,12
42,0,0.9415156109466795,12
42,1,0.9403698030904681,12
43,0,0.8987387770279891,12
43,1,0.9381983246001616,12
46,0,0.9389836651011948,12
46,1,0.8871985283007444,12
47,0,0.9507552597830763,12
47,1,0.9607821946326062,12
50,0,0.9719236757913825,12
50,1,0.9009264754999166,12
53,0,0.8857129945499588,12
53,1,0.8714715162680626,12
54,0,0.9604306945746433,12
54,1,0.9596542896723141,12
55,0,0.9266349771969223,12
55,1,0.9398663883981642,12
56,0,0.9539729353271189,12
56,1,0.9523597371269257,12
57,0,0.9054823838989834,12
57,1,0.9588058322600198,12
59,0,0.9126680664947323,12
59,1,0.9942797008923988,12
60,0,0.9320231427313357,12
60,1,0.8820162734707115,12
64,0,0.9267202337375595,12
64,1,0.944487989918667,12
66,0,0.8931265133524053,12
66,1,0.8763758461506169,12
70,0,0.9331683855365622,12
70,1,0.8924813578093154,12
71,0,1.0026206830997475,12
71,1,0.9003081749657219,12
72,0,0.9659794756326289,12
72,1,0.9471831925291033,12
76,0,1.0016604637974886,12
76,1,0.925193161913452,12
79,0,0.9850318252070321,12
79,1,0.9245074383028754,12
82,0,0.9069559984374544,12
82,1,0.9840020909677537,12
83,0,0.8459401924399562,12
83,1,0.9141169430860008,12
85,0,1.0965455553308587,12
85,1,0.9130168464082529,12
86,0,0.9874996922980691,12
86,1,0.9911338544730403,12
87,0,1.0015989927062334,12
87,1,0.9155381655552876,12
89,0,0.9466315099639265,12
89,1,0.9077394446934595,12
90,0,0.9569267413636149,12
90,1,0.943084135569142,12
91,0,1.0278686150661247,12
91,1,1.0371874039470337,12
123,0,0.9892597429361266,12
123,1,0.9260542254597389,12
129,0,0.9716449383608822,12
129,1,0.9162975724563294,12
143,0,0.9915258525100619,12
143,1,0.8899175741686637,12
150,0,1.053675311527916,12
150,1,1.0316399789233592,12
167,0,0.964115795486242,12
167,1,0.9132040977857977,12
177,0,0.9908375853263623,12
177,1,0.9177703227057911,12
178,0,0.9699227354222615,12
178,1,0.8586680949824546,12
400,0,0.852823259498079,12
400,1,0.9402870845382257,12
401,0,0.7564234241414006,12
401,1,0.8631039602010576,12
403,0,0.9049182737182458,12
403,1,0.9179432517257937,12
453,1,0.4637681157409421,12
472,1,0.9105701389076218,12
473,1,0.8080424887510134,12
480,0,0.5364798723036588,12
529,0,0.9765650451763378,12
529,1,1.0977186497311118,12
543,0,0.948038053841486,12
543,1,0.9843015684519264,12
553,0,0.9429248089501897,12
553,1,0.9901023574446941,12
560,0,0.9416314067062395,12
560,1,0.9066847668399924,12
862,1,0.9341252428285022,12
29A,0,0.7800437797418929,12
29A,1,0.8054627547949893,12
42A,0,1.032556453749542,12
42A,1,1.0912332067188695,12
